Date,PersonID,AnnualIncome,TaxRate,TaxPaid,Year,Month,Quarter
2021-01-01,8270,28887.32457923268,0.21258774472635317,6141.091183477225,2021,1,1
2021-01-02,1860,38332.74968613687,0.28720658424082657,11009.418101913987,2021,1,1
2021-01-03,6390,33341.36231801257,0.2627868962204185,8761.673119310943,2021,1,1
2021-01-05,6191,76284.05665135435,0.25523214186960774,19470.143169627667,2021,1,1
2021-01-06,6734,64035.17589721191,0.18809373665241358,12044.615511701159,2021,1,1
2021-01-08,7265,69073.32642491237,0.31036188827118993,21437.728018408085,2021,1,1
2021-01-09,1466,60825.08096064853,0.21782179184954115,13249.028124241871,2021,1,1
2021-01-11,5426,33064.22343174156,0.3447762345037886,11399.758451587788,2021,1,1
2021-01-12,6578,42132.196005803395,0.2585355345739342,10892.669817134156,2021,1,1
2021-01-14,9322,57340.61841841877,0.1315661853911257,7544.086433279481,2021,1,1
2021-01-15,2685,31668.082866620818,0.2690443905188585,8520.120053750703,2021,1,1
2021-01-17,1769,60694.97645258582,0.18127600385792475,11002.542785575599,2021,1,1
2021-01-18,7949,46395.119027627974,0.27158179917152436,12600.06989830023,2021,1,1
2021-01-19,3433,44377.68788675604,0.11741028704060144,5210.397072982248,2021,1,1
2021-01-21,6311,60664.39952305237,0.14372035929398985,8718.709295807234,2021,1,1
2021-01-22,6051,56663.9496722906,0.31393431472644656,17788.758210064403,2021,1,1
2021-01-24,7420,44585.507512713804,0.15679488925587873,6990.77971287311,2021,1,1
2021-01-25,2184,67389.94705046373,0.309260281310735,20841.03398234195,2021,1,1
2021-01-27,5555,33784.05008600154,0.1698190221136026,5737.174348641754,2021,1,1
2021-01-28,4385,59239.034104163955,0.26072047751467686,15444.829259145854,2021,1,1
2021-01-30,7396,58896.51886952575,0.27353764337745773,16110.414974706046,2021,1,1
2021-01-31,9666,45356.803410290144,0.2281636882862632,10348.77555496676,2021,1,1
2021-02-02,3558,54891.99533363177,0.1763276691741828,9678.977593499409,2021,2,1
2021-02-03,8849,31233.296354220456,0.15316109409277404,4783.7258417362555,2021,2,1
2021-02-05,3047,63860.40528810352,0.10829733864060656,6915.911937212129,2021,2,1
2021-02-06,3747,47226.46795335517,0.17598660031018093,8311.225539768684,2021,2,1
2021-02-07,1189,42159.154692214404,0.26329069763282076,11100.11325052314,2021,2,1
2021-02-09,3734,65735.13838755334,0.3345762046121207,21993.413111360114,2021,2,1
2021-02-10,4005,39434.84464185861,0.317801120565763,12532.437816519441,2021,2,1
2021-02-12,5658,28873.080554546606,0.2915161941338256,8416.970556180793,2021,2,1
2021-02-13,2899,26650.562397141442,0.2971118358133247,7918.197519272253,2021,2,1
2021-02-15,8734,59090.14927018459,0.2662462258689988,15732.529229222422,2021,2,1
2021-02-16,2267,30793.559712555754,0.16507171439150076,5083.145693968628,2021,2,1
2021-02-18,2528,76321.91272976546,0.32679875767645744,24941.906263578356,2021,2,1
2021-02-19,4556,18771.058881744168,0.2676830779764585,5024.694818342618,2021,2,1
2021-02-21,4890,75446.84552435057,0.24011015774510996,18115.55398022276,2021,2,1
2021-02-22,9838,53165.26200803927,0.12774736730337027,6791.72225352091,2021,2,1
2021-02-24,6393,48549.30332194411,0.21176388595160633,10280.989131698116,2021,2,1
2021-02-25,9792,41826.21369786575,0.21508956780048155,8996.382227004526,2021,2,1
2021-02-26,9433,55987.04171528106,0.3161409023806675,17699.79388949303,2021,2,1
2021-02-28,8513,49435.47946362727,0.2366620550469471,11699.50216209318,2021,2,1
2021-03-01,3612,66549.52823024782,0.1951001372426024,12983.822091151791,2021,3,1
2021-03-03,8041,51713.41472993059,0.34420008212766484,17799.7615971441,2021,3,1
2021-03-04,7235,52254.52642192817,0.12768014833157892,6671.865684548198,2021,3,1
2021-03-06,6486,44545.81681679216,0.20563710707798616,9160.272902631046,2021,3,1
2021-03-07,8099,49145.81564418399,0.11050616879285133,5430.915799038549,2021,3,1
2021-03-09,1775,54617.026533380886,0.28497603019173257,15564.54340235941,2021,3,1
2021-03-10,9226,24347.474110150615,0.3295191380497876,8022.95868246635,2021,3,1
2021-03-12,4152,29777.218668414305,0.17000933238762234,5062.405066177361,2021,3,1
2021-03-13,2585,61148.96141034072,0.3145854191997802,19236.57165890322,2021,3,1
2021-03-15,4943,52562.981571919125,0.17305455761547445,9096.2635228788,2021,3,1
2021-03-16,8555,47240.24995470981,0.3276925404109788,15480.277517308485,2021,3,1
2021-03-17,4073,50276.5089959809,0.28849047589919596,14504.294006800736,2021,3,1
2021-03-19,2021,55213.72558042507,0.30122669421035964,16631.84803162941,2021,3,1
2021-03-20,4843,41903.60479535958,0.10450163890011363,4378.995376937736,2021,3,1
2021-03-22,8989,38325.42911896531,0.3407025892685065,13057.572935658096,2021,3,1
2021-03-23,7873,52937.67882646522,0.28166774801758077,14910.836780328427,2021,3,1
2021-03-25,6675,35324.40833577452,0.17618777384653334,6223.728867126038,2021,3,1
2021-03-26,1161,56123.79133571708,0.3073486662147117,17249.572409945435,2021,3,1
2021-03-28,5297,24461.245936432395,0.17038029960373247,4167.714411329935,2021,3,1
2021-03-29,1995,65437.33455988466,0.318188459891532,20821.40470301662,2021,3,1
2021-03-31,8629,57088.96223619564,0.12814509760298426,7315.670637810374,2021,3,1
2021-04-01,2016,53840.44601470813,0.2759214943651989,14855.736321667087,2021,4,2
2021-04-03,8869,64740.36475918271,0.23517461916122756,15225.290626599752,2021,4,2
2021-04-04,7439,74982.11666693864,0.12413361754886021,9307.801393337779,2021,4,2
2021-04-05,8892,65215.55097527196,0.16047345706470975,10465.364919381695,2021,4,2
2021-04-07,7863,22386.88653002532,0.1031010090693287,2308.110591166173,2021,4,2
2021-04-08,8916,30806.345498964478,0.21719199136612644,6690.891525633001,2021,4,2
2021-04-10,9529,40627.72133456482,0.17531631519000007,7122.702398942056,2021,4,2
2021-04-11,1878,50391.36575316251,0.24958937107443968,12577.149285913889,2021,4,2
2021-04-13,5887,57764.88530703685,0.1743094519271543,10068.965498504522,2021,4,2
2021-04-14,5859,39113.84280269802,0.17497977787674618,6844.131525522066,2021,4,2
2021-04-16,7331,52801.50146715617,0.2857982996829008,15090.579340017428,2021,4,2
2021-04-17,9571,38669.256014700164,0.11203570899458837,4332.337513900184,2021,4,2
2021-04-19,9684,40827.23295512078,0.3257237487979968,13298.399371191059,2021,4,2
2021-04-20,8208,28900.083547276667,0.31306596859779534,9047.632648285378,2021,4,2
2021-04-22,6276,36151.50130833643,0.2669511708066016,9650.6856006768,2021,4,2
2021-04-23,3062,29724.730915754997,0.24830539252684605,7380.810977791421,2021,4,2
2021-04-24,1064,35361.90120534001,0.323075624534913,11424.568316657116,2021,4,2
2021-04-26,9006,65804.62694911759,0.14633254488217862,9629.35852648677,2021,4,2
2021-04-27,3568,35759.01666752085,0.11974229054770716,4281.8665635025845,2021,4,2
2021-04-29,6463,89485.73097256086,0.15987754247738453,14306.758754685405,2021,4,2
2021-04-30,3027,57399.76851321334,0.29864456967504754,17142.129167075942,2021,4,2
2021-05-02,3695,52772.54185542311,0.10866756668162084,5734.663711032817,2021,5,2
2021-05-03,6258,37124.6332972818,0.24570170877087238,9121.585838634164,2021,5,2
2021-05-05,6618,60504.64819113487,0.3488593790478275,21107.613997466568,2021,5,2
2021-05-06,7736,41365.43260643339,0.31392402345938486,12985.603035949598,2021,5,2
2021-05-08,1391,51830.147219680424,0.23036142226089734,11939.666429517276,2021,5,2
2021-05-09,6892,88401.26807403192,0.11591022732166059,10246.611077984096,2021,5,2
2021-05-11,4561,48559.10150413025,0.3078433785964274,14948.597868638317,2021,5,2
2021-05-12,7184,67239.09989428514,0.24974462704430261,16792.60392589285,2021,5,2
2021-05-13,4099,39452.35362311169,0.1287332492648917,5078.829673050691,2021,5,2
2021-05-15,7278,49475.17264254557,0.12346432120583906,6108.418606853587,2021,5,2
2021-05-16,9392,76562.00953453264,0.3274067048591481,25066.91525909601,2021,5,2
2021-05-18,4104,40595.494133183485,0.2673000657345196,10851.17825032525,2021,5,2
2021-05-19,8215,77186.72836995393,0.3073216998291889,23721.156566908117,2021,5,2
2021-05-21,3454,60616.279031832135,0.31974472507056684,19381.73547383393,2021,5,2
2021-05-22,9996,41562.99836158598,0.24294308801208053,10097.443169004742,2021,5,2
2021-05-24,3731,59486.116085832815,0.2293615879387603,13643.830045756047,2021,5,2
2021-05-25,9154,64588.316744400945,0.20760685258024753,13408.97715276118,2021,5,2
2021-05-27,6056,59327.149433257946,0.1792366469477798,10633.59933738703,2021,5,2
2021-05-28,9110,26446.629201643154,0.20864899021467792,5518.062477504858,2021,5,2
2021-05-30,4840,39092.94236262697,0.2934699139325391,11472.602430529847,2021,5,2
2021-05-31,2028,46287.22046672743,0.25048085775378287,11594.06268554434,2021,5,2
2021-06-01,8385,48883.498563499306,0.3231308224887115,15795.765096949279,2021,6,2
2021-06-03,1502,59310.08146326017,0.2108450035947969,12505.234339328788,2021,6,2
2021-06-04,7910,52665.51501399881,0.2517723946796885,13259.722832113568,2021,6,2
2021-06-06,7938,29969.83461934848,0.25782688827299716,7727.029201962962,2021,6,2
2021-06-07,5488,55702.967765089445,0.24792429057658136,13810.11876616998,2021,6,2
2021-06-09,1206,59158.786179257346,0.27565844327137906,16307.618903998455,2021,6,2
2021-06-10,6134,58396.856718965595,0.15935836709370158,9306.027730139213,2021,6,2
2021-06-12,6977,66211.71088331932,0.22809094438644764,15102.291664818737,2021,6,2
2021-06-13,8721,62508.83231823356,0.12605620070208692,7879.625912360347,2021,6,2
2021-06-15,8035,56887.70118842655,0.19612783191120314,11157.261496498473,2021,6,2
2021-06-16,2484,48947.51432812029,0.2219167671553161,10862.27413998497,2021,6,2
2021-06-18,8858,25085.58599726013,0.2630560648863681,6598.915537807828,2021,6,2
2021-06-19,1863,56444.273286988784,0.3376327631465509,19057.43595368507,2021,6,2
2021-06-20,3790,53115.31530744667,0.2501627666370889,13287.474228112178,2021,6,2
2021-06-22,8408,54073.6825579306,0.2858984790441399,15459.583599627995,2021,6,2
2021-06-23,9755,30848.77136269536,0.22656651487380067,6989.298615784594,2021,6,2
2021-06-25,6116,33784.151893876064,0.2585260078440828,8734.081917521888,2021,6,2
2021-06-26,7019,65797.29279999355,0.11773305403344336,7746.516228475934,2021,6,2
2021-06-28,2757,49406.672692150176,0.16359789521046175,8082.8276617879665,2021,6,2
2021-06-29,8574,60222.510460589365,0.19046327330128465,11470.176468744707,2021,6,2
2021-07-01,7374,50424.77564195692,0.21812333875162837,10998.820418825428,2021,7,3
2021-07-02,7892,50446.34209243618,0.11141218637559594,5620.33726716957,2021,7,3
2021-07-04,2678,64074.25708963996,0.13500602438832943,8650.410715308022,2021,7,3
2021-07-05,4242,42259.32907673939,0.16920357694782645,7150.429639199593,2021,7,3
2021-07-07,5636,51441.811654114754,0.34288317272526264,17638.531590698258,2021,7,3
2021-07-08,2059,43065.87066942436,0.1828367517757627,7874.02390559264,2021,7,3
2021-07-09,7668,43482.55658851527,0.22051026452802064,9588.350055688128,2021,7,3
2021-07-11,4157,45362.41814797041,0.14902442818459824,6760.1084255719325,2021,7,3
2021-07-12,6915,53332.00657450569,0.25269501776894204,13476.73234899805,2021,7,3
2021-07-14,3693,42818.77067504784,0.17017080387899358,7286.5046268831675,2021,7,3
2021-07-15,4627,68836.34188360281,0.1517481446096067,10445.787162549286,2021,7,3
2021-07-17,6450,36580.89046670744,0.22914315711149474,8382.260731491122,2021,7,3
2021-07-18,2663,47196.92533757961,0.10137644979010521,4784.656731732483,2021,7,3
2021-07-20,6592,43404.034125887374,0.10191600816230634,4423.565896250961,2021,7,3
2021-07-21,8392,71704.668265306,0.15476720227546445,11097.53089751169,2021,7,3
2021-07-23,2306,52948.32164767362,0.10918034062520529,5780.915793025937,2021,7,3
2021-07-24,7776,65477.66809202952,0.12700643853267285,8316.085427793101,2021,7,3
2021-07-26,6864,27716.59440444542,0.18471516233468788,5119.675234781837,2021,7,3
2021-07-27,8526,54005.75398803888,0.3006464198949532,16236.636590231481,2021,7,3
2021-07-28,9901,63344.46193435155,0.2430121608423252,15393.474572061185,2021,7,3
2021-07-30,6575,51234.259839131366,0.22816693148910408,11689.963854610043,2021,7,3
2021-07-31,6530,65982.20562598026,0.1733722058020304,11439.480533059337,2021,7,3
2021-08-02,5413,42240.673248494415,0.3329384298582041,14063.543427507177,2021,8,3
2021-08-03,4748,71140.2116027837,0.19925376030929792,14174.9546710538,2021,8,3
2021-08-05,1663,84483.47185428876,0.12177319169894288,10287.82201350455,2021,8,3
2021-08-06,2998,44557.42159340512,0.2542666290294503,11329.465386799156,2021,8,3
2021-08-08,8994,43317.462178988426,0.12845959836915036,5564.543793883714,2021,8,3
2021-08-09,2495,71800.7671567655,0.186305785700423,13376.898339034324,2021,8,3
2021-08-11,4304,73693.58218596068,0.2268529846794522,16717.60907060569,2021,8,3
2021-08-12,4763,42157.09959270098,0.31855563117129393,13429.381469103959,2021,8,3
2021-08-14,6232,43697.19774356214,0.22338664508502964,9761.370403551473,2021,8,3
2021-08-15,2853,45773.230867092396,0.27556469150791607,12613.486243210938,2021,8,3
2021-08-16,7585,29833.242334485843,0.34820420974976757,10388.060571352955,2021,8,3
2021-08-18,2291,36220.22080273703,0.1328722799744954,4812.663319239317,2021,8,3
2021-08-19,4581,34937.88849871898,0.16868288137987986,5893.4237012928825,2021,8,3
2021-08-21,8554,38483.03652343807,0.19864401889941158,7644.425034468579,2021,8,3
2021-08-22,8280,49479.72668919828,0.20545704463470782,10165.958414895755,2021,8,3
2021-08-24,2636,53513.22098804781,0.20275526881638645,10850.087506662327,2021,8,3
2021-08-25,4696,73257.50739221115,0.3269027506391387,23948.08067148086,2021,8,3
2021-08-27,1698,35024.68938891814,0.27850816111671406,9754.661835391678,2021,8,3
2021-08-28,5737,64764.83597714876,0.2519763035226759,16319.203967774356,2021,8,3
2021-08-30,1854,46790.16733661736,0.1773431794656955,8297.917043207657,2021,8,3
2021-08-31,9164,49258.044355213504,0.3059475960553236,15070.380256864075,2021,8,3
2021-09-02,6855,60122.29238249906,0.33876512787124724,20367.336066869808,2021,9,3
2021-09-03,8392,33159.16967656552,0.30529957063755664,10123.480264953341,2021,9,3
2021-09-04,7528,55736.14619276076,0.10039127629786823,5595.422852215822,2021,9,3
2021-09-06,6249,52496.78312319584,0.25910034254585174,13601.93448977533,2021,9,3
2021-09-07,6172,57386.76896012224,0.11278384536052519,6472.300476138613,2021,9,3
2021-09-09,2707,54337.52965861727,0.16440180508343044,8933.187959651117,2021,9,3
2021-09-10,6791,86829.50209866342,0.11488117508694293,9975.075233308631,2021,9,3
2021-09-12,6535,40433.900236230256,0.2509488632373469,10146.841300534275,2021,9,3
2021-09-13,5931,42035.04567497274,0.2716474783731517,11418.7141609066,2021,9,3
2021-09-15,4510,40652.89210362853,0.12862190951647628,5228.852609735983,2021,9,3
2021-09-16,1202,41667.843212596184,0.19595972076124485,8165.2189206636795,2021,9,3
2021-09-18,5218,40439.19309040223,0.21405912723888548,8656.378379176269,2021,9,3
2021-09-19,9958,67835.24796661327,0.19226325544022915,13042.225607656253,2021,9,3
2021-09-21,5389,71307.56371984782,0.13025625012129827,9288.255855432912,2021,9,3
2021-09-22,3327,41438.805593757854,0.20473694754686883,8484.054567254096,2021,9,3
2021-09-23,9004,37514.66640343657,0.2877945119521045,10796.515108623038,2021,9,3
2021-09-25,3931,57071.23334579606,0.11775191613331387,6720.247082558964,2021,9,3
2021-09-26,8777,41716.65433578543,0.12004500352047587,5007.875916601837,2021,9,3
2021-09-28,1197,59493.97726633266,0.18869282295899603,11226.086519442642,2021,9,3
2021-09-29,8125,53043.845312769496,0.33543142790473124,17792.572774819957,2021,9,3
2021-10-01,2930,27263.838275041522,0.2671431616807285,7283.347956346651,2021,10,4
2021-10-02,7287,73212.57801995092,0.2696674891681412,19743.052090166806,2021,10,4
2021-10-04,9800,76938.16509643283,0.19047999770946622,14655.181511339058,2021,10,4
2021-10-05,5282,40808.16964273421,0.24841519780213459,10137.369533742884,2021,10,4
2021-10-07,3511,44184.47660096024,0.10253279600693585,4530.357925999487,2021,10,4
2021-10-08,1659,54287.98086087358,0.25902401160238553,14061.890584377,2021,10,4
2021-10-10,3811,55016.851849805375,0.3283217368940592,18063.228357771233,2021,10,4
2021-10-11,8098,59878.164090092454,0.2531433670862048,15157.760072706278,2021,10,4
2021-10-12,7546,80153.06808149524,0.31842464836658624,25522.71251935317,2021,10,4
2021-10-14,2986,47345.79158758926,0.28099326386652346,13303.848508540896,2021,10,4
2021-10-15,9338,38025.541331923196,0.13013960410092257,4948.628894659752,2021,10,4
2021-10-17,3911,29310.21157978209,0.3256133268214604,9543.795502333738,2021,10,4
2021-10-18,2734,39036.04940087121,0.11661096108894373,4552.031237751078,2021,10,4
2021-10-20,2843,49503.095406893044,0.23349186813694092,11558.570225116677,2021,10,4
2021-10-21,9680,76918.36795276681,0.13553428094836442,10425.075692199967,2021,10,4
2021-10-23,3976,42235.830514457426,0.10292665268272602,4347.192658128041,2021,10,4
2021-10-24,2959,53356.819274583475,0.20550856503190973,10965.283363786593,2021,10,4
2021-10-26,6759,49753.65655890872,0.17376017691353907,8645.204165771442,2021,10,4
2021-10-27,7694,67825.89910172127,0.22150012344940073,15023.445024097859,2021,10,4
2021-10-29,3385,87903.98638810433,0.24429997168363768,21474.94138549276,2021,10,4
2021-10-30,5736,42036.96840619519,0.11093476807723684,4663.361340811396,2021,10,4
2021-10-31,2802,42658.40836222667,0.13075082378093641,5577.622034544724,2021,10,4
2021-11-02,9155,65662.41315603608,0.23966059911260632,15736.69327615509,2021,11,4
2021-11-03,9120,60228.37234439467,0.18579183829316454,11189.940015270278,2021,11,4
2021-11-05,7616,77700.6098860405,0.282293371887362,21934.367162434868,2021,11,4
2021-11-06,6534,58758.92277988946,0.2630729121479849,15457.880930384088,2021,11,4
2021-11-08,5061,44610.61863819411,0.3114010907474767,13891.795302853357,2021,11,4
2021-11-09,1262,58859.82246038464,0.2731232066673063,16075.98345424859,2021,11,4
2021-11-11,7287,66630.55370874362,0.207482769347537,13824.69180664993,2021,11,4
2021-11-12,9815,62307.23271796046,0.2682416555986081,16713.395260033474,2021,11,4
2021-11-14,3049,57609.11046660947,0.16884529356385464,9727.027168687207,2021,11,4
2021-11-15,6423,66000.1203438373,0.17657837469455318,11654.193979959706,2021,11,4
2021-11-17,5548,67539.4338566851,0.2972462899801983,20075.846141262642,2021,11,4
2021-11-18,4108,70732.38486556291,0.21160487910039555,14967.317747960087,2021,11,4
2021-11-19,8158,59730.64831384464,0.2995950851295881,17895.008666431775,2021,11,4
2021-11-21,8400,47493.22879524718,0.3056055934170696,14514.196369264173,2021,11,4
2021-11-22,4170,52200.705296499844,0.3143905844153209,16411.410245058523,2021,11,4
2021-11-24,3255,68097.63449762535,0.3291588089603018,22414.93626425232,2021,11,4
2021-11-25,2154,37745.964935191456,0.20774630512832404,7841.584748789304,2021,11,4
2021-11-27,5499,55530.099633093516,0.17971670458028471,9979.686511074444,2021,11,4
2021-11-28,7295,44099.91781508959,0.24554968664852844,10828.721000721105,2021,11,4
2021-11-30,7197,50431.17234402226,0.1927931058594069,9722.782348335078,2021,11,4
2021-12-01,2648,69176.77793910948,0.2502685417000582,17312.771334329685,2021,12,4
2021-12-03,6539,52866.48602029855,0.2763964656609561,14612.109887924864,2021,12,4
2021-12-04,5199,50696.54822234223,0.2721012546230342,13794.594376356474,2021,12,4
2021-12-06,9445,29602.15788530121,0.19363822175503032,5732.109213021375,2021,12,4
2021-12-07,3557,61193.80349040831,0.1417150504246882,8672.082947321675,2021,12,4
2021-12-08,6592,59682.26271711613,0.20763233461555186,12391.967543093531,2021,12,4
2021-12-10,1098,82448.8208495819,0.1356485360204772,11184.06184486038,2021,12,4
2021-12-11,3200,45383.32647570499,0.32252425879595203,14637.223733271458,2021,12,4
2021-12-13,3961,53287.254914959085,0.18646936518446433,9936.440596415147,2021,12,4
2021-12-14,5973,53740.75525566133,0.13861493680583095,7449.271393661123,2021,12,4
2021-12-16,5433,73661.79919645212,0.10636193997643772,7834.811864689449,2021,12,4
2021-12-17,3869,48570.567014195716,0.26145559657162104,12699.04657451844,2021,12,4
2021-12-19,1956,54185.32288655509,0.2592255793636858,14046.221718275627,2021,12,4
2021-12-20,9352,59118.44764574809,0.18515104164532292,10945.842162064748,2021,12,4
2021-12-22,6699,52799.13684734537,0.11792797221191276,6226.495142946724,2021,12,4
2021-12-23,7944,43303.49578174208,0.20240722372380798,8764.940358718044,2021,12,4
2021-12-25,5493,52911.34989347462,0.1778043737658484,9407.869432914944,2021,12,4
2021-12-26,5911,66104.47624789659,0.2692801599337523,17800.623936370524,2021,12,4
2021-12-27,4987,34602.270508834095,0.25144481236317257,8700.561415433529,2021,12,4
2021-12-29,7015,51994.54511220314,0.19114843204938498,9938.675773318642,2021,12,4
2021-12-30,2218,39498.1877759124,0.15447313856374753,6101.409033325435,2021,12,4
2022-01-01,5496,67925.69943387264,0.34700899153889797,23570.828460122437,2022,1,1
2022-01-02,5735,27152.19642824338,0.2135004052990287,5797.004942188801,2022,1,1
2022-01-04,5555,41616.17229092617,0.2720685589450592,11322.452024001588,2022,1,1
2022-01-05,9050,55658.17812596781,0.1351382418945902,7521.548338999227,2022,1,1
2022-01-07,4446,73482.86043851511,0.22139742491484943,16268.91607646451,2022,1,1
2022-01-08,2045,49013.746083905186,0.10688417996736638,5238.794057306921,2022,1,1
2022-01-10,7893,41672.00709960202,0.22636377947761246,9433.033025483814,2022,1,1
2022-01-11,2693,78217.35604160884,0.34100435177942556,26672.45879486936,2022,1,1
2022-01-13,4436,28279.79149375634,0.19605167824645003,5544.3005828106125,2022,1,1
2022-01-14,9754,17017.910650698774,0.1097490031437279,1867.6987295032202,2022,1,1
2022-01-15,6895,56600.216750799984,0.10773894772983589,6098.047794011821,2022,1,1
2022-01-17,4354,42469.18663471083,0.19699668998671738,8366.289193466171,2022,1,1
2022-01-18,1225,34681.5077430393,0.14000623411579852,4855.627292560839,2022,1,1
2022-01-20,5893,60625.3467094903,0.10583802408204648,6416.4669050214525,2022,1,1
2022-01-21,8022,53657.010706567984,0.28905340348754416,15509.741565701072,2022,1,1
2022-01-23,6600,41538.820538949076,0.21463075222047268,8915.50829862586,2022,1,1
2022-01-24,8996,30795.434019936583,0.1723111929931636,5306.397974717529,2022,1,1
2022-01-26,8683,63086.859924202174,0.32502079575412013,20504.5414141929,2022,1,1
2022-01-27,5642,59753.017669379915,0.1290347400501314,7710.215102179346,2022,1,1
2022-01-29,8679,48512.36204330926,0.33897970723882975,16444.70628290509,2022,1,1
2022-01-30,9208,77699.554940715,0.17849167934433818,13868.724045675888,2022,1,1
2022-02-01,8339,33948.72850510771,0.3221009180771703,10934.916619047795,2022,2,1
2022-02-02,3205,27117.122436128917,0.25073571911986536,6799.2311944842195,2022,2,1
2022-02-03,2069,39621.378951781335,0.30667683993537187,12150.959290814157,2022,2,1
2022-02-05,4444,49316.209754667536,0.34600329080261605,17063.570865027043,2022,2,1
2022-02-06,2060,53650.091739840376,0.1721013594546864,9233.25372329517,2022,2,1
2022-02-08,3327,46381.459132155054,0.3402838713518982,15782.862472439574,2022,2,1
2022-02-09,4420,55280.83094771445,0.19737047372560507,10910.80379209549,2022,2,1
2022-02-11,1301,31226.90863714334,0.19637797618423058,6132.277120652079,2022,2,1
2022-02-12,1606,71656.46906109889,0.1850967760636264,13263.381407312396,2022,2,1
2022-02-14,4170,48767.732324111465,0.23535190183689628,11477.578550752314,2022,2,1
2022-02-15,1699,66759.43747382192,0.13853626079462178,9248.602840375639,2022,2,1
2022-02-17,6088,55140.88019566556,0.23842787133950277,13147.122688839085,2022,2,1
2022-02-18,1190,56851.29828730676,0.23542620310250098,13384.285297228347,2022,2,1
2022-02-20,1980,58546.50920348306,0.2904754531512175,17006.323791303665,2022,2,1
2022-02-21,3975,56715.628400259724,0.30841249048439634,17491.80820431166,2022,2,1
2022-02-22,7102,59640.84139801316,0.210110337578106,12531.157319578824,2022,2,1
2022-02-24,2184,69937.28795198648,0.17558331233787344,12279.820674537435,2022,2,1
2022-02-25,4327,52947.817545522055,0.16483372432927362,8727.585961135259,2022,2,1
2022-02-27,4394,60635.05636382769,0.148655959176218,9013.762463468845,2022,2,1
2022-02-28,9319,48653.964585691596,0.11441189554975623,5566.592314259686,2022,2,1
2022-03-02,2816,71601.75823174209,0.18561199470867834,13290.145170042179,2022,3,1
2022-03-03,6854,39854.115469110955,0.1675619230326958,6678.032228771341,2022,3,1
2022-03-05,7709,77014.10649366223,0.3416043464666018,26308.35351747676,2022,3,1
2022-03-06,1569,49397.63074033485,0.23942720656251096,11827.136738964793,2022,3,1
2022-03-08,6442,28538.373468229278,0.18681925975762687,5331.517806021292,2022,3,1
2022-03-09,2895,51921.56622366184,0.24511690024842397,12726.853368787259,2022,3,1
2022-03-11,3733,39784.22513787678,0.13479917533642388,5362.880739984415,2022,3,1
2022-03-12,4863,62609.65323483086,0.2110109373005507,13211.321613144117,2022,3,1
2022-03-13,8455,40210.640310464136,0.2565585803552659,10316.384793228908,2022,3,1
2022-03-15,5014,43307.248501778304,0.22222445794811285,9623.929823531906,2022,3,1
2022-03-16,2686,21656.889035817036,0.20044470016358107,4341.008629260292,2022,3,1
2022-03-18,4009,43215.405211263846,0.3484620972249245,15058.93073234193,2022,3,1
2022-03-19,8806,13641.81010056565,0.3200786905372317,4366.452713546634,2022,3,1
2022-03-21,1154,26241.45764771415,0.25585148953986003,6713.916026864817,2022,3,1
2022-03-22,2409,61406.21984216446,0.24234434029557067,14881.449837694126,2022,3,1
2022-03-24,1784,61787.00237976248,0.255165119956146,15765.88787396277,2022,3,1
2022-03-25,9096,56381.86342677447,0.15032802695560832,8475.774285027579,2022,3,1
2022-03-27,8560,35495.3578530618,0.19878443581607963,7055.924684910742,2022,3,1
2022-03-28,8343,49284.3296578703,0.10986488322272484,5414.617122572195,2022,3,1
2022-03-30,8206,49945.96191364148,0.21888650937170667,10932.49726048919,2022,3,1
2022-03-31,6596,32624.529662111858,0.23575614598941577,7691.433377856868,2022,3,1
2022-04-01,6801,72550.97452650726,0.1569374340258024,11385.963778261403,2022,4,2
2022-04-03,3806,63160.43435863507,0.3410072117913784,21538.16361617052,2022,4,2
2022-04-04,1537,46685.53739255504,0.32736365273431045,15283.148050691052,2022,4,2
2022-04-06,6986,50403.28758491796,0.28053580886397644,14139.927052038582,2022,4,2
2022-04-07,2841,53125.74211921329,0.23334665719134062,12396.71433432763,2022,4,2
2022-04-09,9716,19373.97697363564,0.31749228991192124,6151.088314060413,2022,4,2
2022-04-10,7971,46292.339262191046,0.13266308595586573,6141.284582638149,2022,4,2
2022-04-12,6625,39770.23628003302,0.29762744856872125,11836.713953001421,2022,4,2
2022-04-13,3950,34975.69985157627,0.13120520349171208,4588.9938162911085,2022,4,2
2022-04-15,8992,45783.495606710676,0.29855266563735133,13668.784655579437,2022,4,2
2022-04-16,5780,76965.29790274284,0.16894189206283922,13002.663050869445,2022,4,2
2022-04-18,3368,59612.64291900515,0.31927264525454724,19032.686195365528,2022,4,2
2022-04-19,7655,41432.31515325805,0.3360105234563494,13921.693902654675,2022,4,2
2022-04-20,9173,58588.74172034238,0.13719899235127891,8038.316327160311,2022,4,2
2022-04-22,5495,70990.33154879004,0.21566890126634836,15310.406805661334,2022,4,2
2022-04-23,7002,63869.50524369153,0.3452468445406712,22050.745147758356,2022,4,2
2022-04-25,7614,50894.45554880261,0.22085185899328663,11240.135120404248,2022,4,2
2022-04-26,6919,40295.94833441639,0.31588688062863624,12728.961421331484,2022,4,2
2022-04-28,1853,60473.34970420385,0.24718288053282994,14947.976775354267,2022,4,2
2022-04-29,5146,55902.28078132625,0.19383247697990047,10835.677552670353,2022,4,2
2022-05-01,4769,63427.89830041598,0.17144588888146756,10874.452403998142,2022,5,2
2022-05-02,1574,59527.57702522954,0.15080577277152182,8977.10225450603,2022,5,2
2022-05-04,2148,65743.29072979002,0.2904495478444243,19095.10906627204,2022,5,2
2022-05-05,7293,41971.47182659148,0.19663512670575695,8253.065680648922,2022,5,2
2022-05-07,7457,69760.91098451489,0.22781886555018777,15892.851600239816,2022,5,2
2022-05-08,8509,52963.994070386,0.2230813700002955,11815.280357909234,2022,5,2
2022-05-09,5777,81128.91308937898,0.2443197573082828,19821.39635668184,2022,5,2
2022-05-11,4854,39662.18272865648,0.31639428640613804,12548.88800174312,2022,5,2
2022-05-12,3491,76039.45704747873,0.34518483589585736,26247.66750254404,2022,5,2
2022-05-14,4124,52968.66175193972,0.20189605214345424,10694.163695038611,2022,5,2
2022-05-15,6691,40228.72994578327,0.30687973052657574,12345.381805188357,2022,5,2
2022-05-17,4051,42741.71248918518,0.2911319486636794,12443.478046199205,2022,5,2
2022-05-18,1004,45194.7903770852,0.2433822378638933,10999.609221764546,2022,5,2
2022-05-20,6222,56362.48919602875,0.33901178590298325,19107.548120283303,2022,5,2
2022-05-21,6315,57842.5323205325,0.1501186288821007,8683.241643026933,2022,5,2
2022-05-23,5869,41394.49994092131,0.12731605257740536,5270.1843308937405,2022,5,2
2022-05-24,1876,49634.68111608526,0.3134904917388555,15560.000590382853,2022,5,2
2022-05-26,8027,82134.05537917795,0.20978745415843708,17230.694377705826,2022,5,2
2022-05-27,5142,75913.14755151067,0.3117422135517651,23665.332655389695,2022,5,2
2022-05-28,7966,56544.85504511048,0.3232725512988537,18279.399553256724,2022,5,2
2022-05-30,8079,50570.05217252301,0.11561439840476787,5846.626159223972,2022,5,2
2022-05-31,8987,51800.46990077392,0.3208661907465151,16621.01945594084,2022,5,2
2022-06-02,7799,59202.769590956246,0.21207976384235555,12555.70939366339,2022,6,2
2022-06-03,5465,34658.111522023915,0.22760812225105803,7888.467684295622,2022,6,2
2022-06-05,1635,46139.35193864982,0.25664812777330254,11841.578291727974,2022,6,2
2022-06-06,2693,24971.238891836158,0.3315956516825217,8280.354233658341,2022,6,2
2022-06-08,5752,55988.34683907919,0.10477902360744101,5866.404315193474,2022,6,2
2022-06-09,9311,59707.939095541115,0.21921086707945425,13088.629100660813,2022,6,2
2022-06-11,1830,42752.20306550939,0.2719305106076402,11625.628409205488,2022,6,2
2022-06-12,6177,73609.80144935049,0.28067673942455706,20660.55906049273,2022,6,2
2022-06-14,9932,31613.515054964882,0.27313310788427697,8634.697618108938,2022,6,2
2022-06-15,9308,28034.376796852695,0.13360878235203047,3745.638947825505,2022,6,2
2022-06-16,6949,53366.77727839958,0.17484889709292029,9331.122148531686,2022,6,2
2022-06-18,3838,65706.47453918232,0.18967888135425337,12463.130588323835,2022,6,2
2022-06-19,2150,75258.91537186803,0.3011093019198762,22661.159470870225,2022,6,2
2022-06-21,8560,43116.7360569659,0.16968996810363823,7316.477566239532,2022,6,2
2022-06-22,2931,66180.21250146943,0.1526762409668008,10104.14607110843,2022,6,2
2022-06-24,2664,49422.372957489395,0.33936200475952405,16772.07556682649,2022,6,2
2022-06-25,2081,47410.59050088771,0.10221582127836723,4846.112445340593,2022,6,2
2022-06-27,1512,63254.89906230009,0.3494552139204945,22104.754283335365,2022,6,2
2022-06-28,8805,59784.84317620129,0.2692053247143489,16094.398120245694,2022,6,2
2022-06-30,6237,26354.11764523626,0.3071173248622793,8093.806110310751,2022,6,2
2022-07-01,1559,72148.10524588844,0.17365484908654827,12528.868328355158,2022,7,3
2022-07-03,4672,70701.37031221177,0.103578819416765,7323.164468086414,2022,7,3
2022-07-04,8404,40616.55947735706,0.2844673796403825,11554.086244531507,2022,7,3
2022-07-05,4343,55937.05300156114,0.3085361492501689,17258.602933504277,2022,7,3
2022-07-07,5070,57410.45279424108,0.28511903298837976,16368.812784119042,2022,7,3
2022-07-08,1580,53910.10648735861,0.13571257182520965,7316.279198770356,2022,7,3
2022-07-10,8004,41745.422692318694,0.28835698056424225,12037.58403993502,2022,7,3
2022-07-11,9130,39925.64948092923,0.2922306955269102,11667.50031717557,2022,7,3
2022-07-13,4147,49616.688935128324,0.26463512891751373,13130.31887280786,2022,7,3
2022-07-14,5249,67590.93528889047,0.29152898319889653,19704.71663823265,2022,7,3
2022-07-16,2679,58154.002318916486,0.311480359919433,18113.829573051647,2022,7,3
2022-07-17,4506,44440.78501870841,0.2534010285593646,11261.340633726311,2022,7,3
2022-07-19,8253,61575.48065972517,0.12215117849241977,7521.517528822631,2022,7,3
2022-07-20,3744,7271.8606905488705,0.2219069524168027,1613.6764442392462,2022,7,3
2022-07-22,6188,67231.48550558156,0.11941233366790127,8028.268580181173,2022,7,3
2022-07-23,3141,23904.293318328506,0.2018857577581077,4825.936370242821,2022,7,3
2022-07-24,7617,44563.38587895302,0.20177662228140691,8991.849480078086,2022,7,3
2022-07-26,3479,33204.95158060784,0.1165024610350604,3868.4585776908325,2022,7,3
2022-07-27,7484,30579.777864186413,0.18720513349236984,5724.6913972320335,2022,7,3
2022-07-29,8421,67412.4018106778,0.12774952469782871,8611.902290053136,2022,7,3
2022-07-30,5452,42984.48198032163,0.30205880250230555,12983.841153157882,2022,7,3
2022-08-01,6881,55197.55822596073,0.3369220064911177,18597.27207090099,2022,8,3
2022-08-02,7665,49296.19131681224,0.11807911881448466,5820.8508315994395,2022,8,3
2022-08-04,3849,57155.612408346824,0.3387788018229253,19363.109889155257,2022,8,3
2022-08-05,8390,51152.32836590383,0.23064414983418627,11797.985287993019,2022,8,3
2022-08-07,7905,30755.116637171457,0.17489141948846848,5378.806005208329,2022,8,3
2022-08-08,3489,64944.002291707104,0.11921551881904088,7742.332927390842,2022,8,3
2022-08-10,5611,42593.65125258031,0.22515606701760443,9590.218995950443,2022,8,3
2022-08-11,3839,26651.271520103735,0.2986288861226871,7958.8395278018725,2022,8,3
2022-08-12,9527,43578.27258551131,0.2767716193166745,12061.229070515408,2022,8,3
2022-08-14,6878,72511.39685951466,0.11255650286599345,8161.62924843515,2022,8,3
2022-08-15,7303,62753.32613170239,0.11822545884197588,7419.040775780671,2022,8,3
2022-08-17,1851,44770.21798388211,0.20071832065815925,8986.202969224538,2022,8,3
2022-08-18,2687,44761.13443522357,0.1738226235119858,7780.497818903249,2022,8,3
2022-08-20,7833,45175.47423173926,0.15809608076401196,7142.065422693591,2022,8,3
2022-08-21,3427,81151.21975341262,0.1702511247271784,13816.086436000915,2022,8,3
2022-08-23,5000,55729.0317834733,0.30087068582422116,16767.232013013432,2022,8,3
2022-08-24,6052,56450.624707866045,0.3323070134079634,18758.938501684752,2022,8,3
2022-08-26,3738,65454.25181047763,0.20127567363189158,13174.348625225344,2022,8,3
2022-08-27,6732,53581.8373853977,0.3265277505331242,17495.95683088557,2022,8,3
2022-08-29,6387,46114.36781268945,0.1803739253119705,8317.829535654784,2022,8,3
2022-08-30,9002,47054.75226372533,0.21910924658594788,10310.131316793282,2022,8,3
2022-08-31,6536,48925.98110878904,0.15650724945399994,7657.270730174935,2022,8,3
2022-09-02,4913,49441.66645235238,0.26011901054396097,12860.717357230451,2022,9,3
2022-09-03,2066,60914.4431545547,0.3447452787937022,20999.966687880085,2022,9,3
2022-09-05,8723,50779.18828710949,0.25087327401084464,12739.141217200293,2022,9,3
2022-09-06,5380,60989.60115823369,0.1894535210283872,11554.694685544373,2022,9,3
2022-09-08,5107,48789.251298371266,0.26195436149763207,12780.557171812361,2022,9,3
2022-09-09,6726,51179.52785474136,0.1307301696163469,6690.708357334889,2022,9,3
2022-09-11,4373,20026.989732018385,0.32216477006634964,6451.990542136848,2022,9,3
2022-09-12,9945,63744.91512053722,0.22577098769495907,14391.752447295019,2022,9,3
2022-09-14,3082,55197.32713846989,0.21233743550991052,11720.458891584283,2022,9,3
2022-09-15,9967,64970.15164789478,0.24646619711337978,16012.946202536212,2022,9,3
2022-09-17,7748,6556.1693270946635,0.2561959656973506,1679.6641320303665,2022,9,3
2022-09-18,1417,81325.62057171091,0.11794395155662826,9591.865053022602,2022,9,3
2022-09-19,9306,47906.15557767239,0.27065430530585055,12966.007257748919,2022,9,3
2022-09-21,9808,66622.74225106275,0.1604829200788824,10691.812220113285,2022,9,3
2022-09-22,4974,34401.411093117036,0.2784881581266474,9580.385612279779,2022,9,3
2022-09-24,4267,59191.608575938546,0.30563369859604916,18090.95025491372,2022,9,3
2022-09-25,1825,34198.76655239516,0.30098962688813,10293.473984639679,2022,9,3
2022-09-27,8668,40643.465589562926,0.23812524185197226,9678.235073216983,2022,9,3
2022-09-28,6745,78710.4703080018,0.23004247307768777,18106.751246760647,2022,9,3
2022-09-30,1412,47139.7639885498,0.13571899033485293,6397.761173149239,2022,9,3
2022-10-01,8543,53261.49309769584,0.2938365376007839,15650.172719274995,2022,10,4
2022-10-03,8587,63051.015960331315,0.16785234511167857,10583.260890615486,2022,10,4
2022-10-04,1728,57435.22831958907,0.2241738557044866,12875.476585669803,2022,10,4
2022-10-06,8164,52256.28357715365,0.17106852323187915,8939.405261129974,2022,10,4
2022-10-07,9867,55474.41503699338,0.1334570907499233,7403.454041890935,2022,10,4
2022-10-08,6988,86051.23377857413,0.2573894242229341,22148.677515940293,2022,10,4
2022-10-10,3504,49135.71804449622,0.11358300870572596,5580.982690410111,2022,10,4
2022-10-11,3967,53016.485700724515,0.28716130853155,15224.28340756426,2022,10,4
2022-10-13,3786,65759.81594011417,0.17939669881527914,11797.093894356854,2022,10,4
2022-10-14,2122,66582.88899436976,0.10003367325112134,6660.530961778467,2022,10,4
2022-10-16,5079,67805.4545834057,0.22778228480930743,15444.881367541879,2022,10,4
2022-10-17,2571,59580.95333043777,0.11171297713190079,6655.965676900042,2022,10,4
2022-10-19,6073,32854.92630904275,0.16904238945522487,5553.875248655918,2022,10,4
2022-10-20,6104,74501.47298451644,0.27674412186392905,20617.844718669236,2022,10,4
2022-10-22,3143,32804.81910471968,0.11567240540546647,3794.6123347341268,2022,10,4
2022-10-23,7806,54539.531978585495,0.30983462308900056,16898.23533403553,2022,10,4
2022-10-25,8357,38685.86224970963,0.10095498066464578,3905.530475414586,2022,10,4
2022-10-26,4440,49037.92480110511,0.16170596730047557,7929.725064370683,2022,10,4
2022-10-27,4766,54931.436154552204,0.28522601403801784,15667.874579746787,2022,10,4
2022-10-29,6644,54820.35823175409,0.17906753743232667,9816.546549718183,2022,10,4
2022-10-30,3914,56328.81131352927,0.1254730970165034,7067.750406766772,2022,10,4
2022-11-01,5968,74205.6690358797,0.19005847970010697,14103.4166420886,2022,11,4
2022-11-02,6917,56803.014522709695,0.16759832159613136,9520.08989560682,2022,11,4
2022-11-04,9787,46337.65047064027,0.3106779755401387,14396.087439505074,2022,11,4
2022-11-05,1728,64461.307524325355,0.1783369793962858,11495.834871823254,2022,11,4
2022-11-07,2365,67842.05733386961,0.29723311794400176,20164.906229081796,2022,11,4
2022-11-08,5492,31585.88277294511,0.32296803620268366,10201.23053090626,2022,11,4
2022-11-10,1698,58961.00104774787,0.2084543548941324,12290.677437320546,2022,11,4
2022-11-11,8186,60517.591134663475,0.327485785963598,19818.65089735894,2022,11,4
2022-11-13,1395,45536.54744960012,0.1943295134907982,8849.095111931438,2022,11,4
2022-11-14,8400,70635.6021996743,0.341019604122527,24088.125099089226,2022,11,4
2022-11-15,9082,47749.1661945121,0.12232238113139324,5840.791705951347,2022,11,4
2022-11-17,5171,51883.64680207313,0.2717548166258107,14099.630922575714,2022,11,4
2022-11-18,5360,47403.922635741954,0.22345351011423215,10592.572906140043,2022,11,4
2022-11-20,3502,50233.685713722014,0.19691220136391174,9891.625636511886,2022,11,4
2022-11-21,1717,33555.87369657197,0.25817796968715023,8663.3873420594,2022,11,4
2022-11-23,3782,28399.236761085584,0.2759642729085828,7837.174723931678,2022,11,4
2022-11-24,5946,73917.57594837458,0.10109081741257728,7472.388173777448,2022,11,4
2022-11-26,6486,37295.57977522508,0.14173827218679969,5286.211037545354,2022,11,4
2022-11-27,9335,35129.114758155396,0.2782615126585797,9775.080610961157,2022,11,4
2022-11-29,5980,17699.148295944276,0.26659635339455157,4718.528393888136,2022,11,4
2022-11-30,8266,40415.57378465746,0.3415118762821693,13802.398434218823,2022,11,4
2022-12-02,5491,30153.653098887524,0.2902594475626957,8752.38269048026,2022,12,4
2022-12-03,8192,74630.22740204554,0.3376931769328345,25202.118586616638,2022,12,4
2022-12-04,6588,65147.25634013952,0.2756351253837017,17956.872169718514,2022,12,4
2022-12-06,8651,39677.74482233414,0.1745130521598608,6924.284351765645,2022,12,4
2022-12-07,4636,83786.53708016463,0.12634123056271412,10585.694199296477,2022,12,4
2022-12-09,2167,64726.48230487391,0.2954559658362339,19123.825344568424,2022,12,4
2022-12-10,2062,45127.529247370665,0.26103730536897896,11779.968632693426,2022,12,4
2022-12-12,3156,12508.914276896401,0.11204650309832406,1401.5801022829428,2022,12,4
2022-12-13,8860,84364.13858886113,0.1900126164752446,16030.25070994965,2022,12,4
2022-12-15,6161,29156.41299854606,0.3391999538710715,9889.853944152734,2022,12,4
2022-12-16,6305,25319.01879564662,0.22510028642755028,5699.318382964584,2022,12,4
2022-12-18,7541,65338.5564801446,0.20818228400492617,13602.329921621373,2022,12,4
2022-12-19,5729,86596.28609508909,0.2144249012898235,18568.400098004793,2022,12,4
2022-12-21,8330,70764.09227765776,0.15222068100129094,10771.758316943258,2022,12,4
2022-12-22,6334,58458.636800785396,0.1921767927161988,11234.393326936086,2022,12,4
2022-12-23,9924,58921.315124979286,0.19245331399679416,11339.602360851695,2022,12,4
2022-12-25,5330,62801.23338170462,0.1130887550468681,7102.113298544789,2022,12,4
2022-12-26,9010,61383.92884680148,0.29189190712947954,17917.472058193158,2022,12,4
2022-12-28,7801,54217.87135954064,0.20412610797596975,11067.28306336483,2022,12,4
2022-12-29,5846,51563.01655927814,0.30554497170410577,15754.820435582977,2022,12,4
2022-12-31,7731,49061.103081507164,0.3125870002799738,15335.863042674904,2022,12,4
2023-01-01,8241,38690.531166999855,0.15299851367466452,5919.593761834261,2023,1,1
2023-01-03,1953,45789.87384699839,0.2643383705425321,12104.02064006366,2023,1,1
2023-01-04,3539,24605.647787069218,0.2180704510407454,5365.7647110759035,2023,1,1
2023-01-06,8056,48524.90559807875,0.3200391844803713,15529.871214596127,2023,1,1
2023-01-07,2542,35171.133392736236,0.15393516979411354,5414.074390662269,2023,1,1
2023-01-09,6293,33446.160241763435,0.269453300077511,9012.178252064401,2023,1,1
2023-01-10,2191,52698.41226730218,0.25193803056318065,13276.73420043067,2023,1,1
2023-01-11,7313,70880.034295169,0.17382536939295817,12320.748143943294,2023,1,1
2023-01-13,7938,63774.7490900347,0.13415022591279316,8555.396997959855,2023,1,1
2023-01-14,3681,26442.490945652346,0.2629099401193191,6951.9937111270965,2023,1,1
2023-01-16,2540,35155.57795144494,0.28464936453308265,10007.012923672053,2023,1,1
2023-01-17,7172,64111.567819823234,0.1789068359408375,11469.997745850993,2023,1,1
2023-01-19,6541,35262.68909692536,0.2612081510055784,9210.901818492443,2023,1,1
2023-01-20,2365,46630.50275004463,0.1987827269028758,9269.33849350592,2023,1,1
2023-01-22,9691,58250.78148536828,0.2783017208206544,16211.292726525908,2023,1,1
2023-01-23,9702,35474.83317704547,0.14980381872351328,5314.265478500994,2023,1,1
2023-01-25,8494,51580.6325921894,0.32255375065904357,16637.5265039768,2023,1,1
2023-01-26,5312,29989.617576226934,0.17185239911639494,5153.7877290578035,2023,1,1
2023-01-28,2324,40979.48534073179,0.1919464969390382,7865.868657518136,2023,1,1
2023-01-29,4141,54796.72901213806,0.11452298802008745,6275.485140197065,2023,1,1
2023-01-30,8419,26105.09399702496,0.1278780530803191,3338.2685958182774,2023,1,1
2023-02-01,4486,56607.121069405985,0.228965475678082,12961.07640242332,2023,2,1
2023-02-02,2810,49705.433016099785,0.16689816918199285,8295.745768785235,2023,2,1
2023-02-04,7588,58287.34931625721,0.30887005643554855,18003.216872790897,2023,2,1
2023-02-05,3923,53358.712010969924,0.10367334716373847,5531.876274523226,2023,2,1
2023-02-07,6301,70462.10644960766,0.19477351216798405,13724.151947944445,2023,2,1
2023-02-08,5186,51878.36753971861,0.18433638669227315,9563.07081976544,2023,2,1
2023-02-10,9905,43558.91688312121,0.10483190772940026,4566.364355483978,2023,2,1
2023-02-11,6977,51834.46254548425,0.13109209975012756,6795.088534506873,2023,2,1
2023-02-13,5268,58149.470435545816,0.2034106687296588,11828.222667569898,2023,2,1
2023-02-14,5748,50732.901054885566,0.22321614611186164,11324.402654545956,2023,2,1
2023-02-16,5849,50608.87536805824,0.20107243681371728,10176.049894657182,2023,2,1
2023-02-17,4709,39470.12468289867,0.23273441960302343,9186.056559733392,2023,2,1
2023-02-18,7619,40056.48623673578,0.24878291872642036,9965.369559899813,2023,2,1
2023-02-20,9647,28960.920923004596,0.10248095528195891,2967.942842034782,2023,2,1
2023-02-21,4072,76243.65114780409,0.21602378986337595,16470.442473969775,2023,2,1
2023-02-23,7530,31342.051469130725,0.34087481022189703,10683.715846504865,2023,2,1
2023-02-24,1504,39606.42203306139,0.22975807003238716,9099.8950872044,2023,2,1
2023-02-26,2214,39223.89101646204,0.26938556686473825,10566.350116110341,2023,2,1
2023-02-27,2531,63423.86565416662,0.1779659644792208,11287.28942214429,2023,2,1
2023-03-01,8576,45575.75482561958,0.2934978445381906,13376.385804520387,2023,3,1
2023-03-02,1823,68716.131090106,0.2932303704690288,20149.65657675013,2023,3,1
2023-03-04,1928,39897.640636341974,0.23032401191353472,9189.384657246756,2023,3,1
2023-03-05,6029,54184.91243335703,0.3440034558198034,18639.79713036825,2023,3,1
2023-03-07,1133,37469.794201103636,0.13138755369066335,4923.06459737561,2023,3,1
2023-03-08,3105,82177.23691660083,0.10423691622239525,8565.901759863647,2023,3,1
2023-03-09,4627,32186.02371455731,0.292539552939274,9415.684988349465,2023,3,1
2023-03-11,7316,54647.31065340541,0.30178888434122064,16491.95091433932,2023,3,1
2023-03-12,2852,59506.65321398148,0.13005180728014407,7738.947795671085,2023,3,1
2023-03-14,5910,56206.986461772474,0.1663957082396515,9352.601320323134,2023,3,1
2023-03-15,5175,47220.68511683438,0.10438809084165723,4929.277167581398,2023,3,1
2023-03-17,6348,48052.689503998605,0.17332715269514115,8328.835851071774,2023,3,1
2023-03-18,7190,50657.17207968664,0.29328546847966785,14857.012445246048,2023,3,1
2023-03-20,2256,47794.96997557267,0.2294901319281447,10968.473965195888,2023,3,1
2023-03-21,4376,64458.18675192365,0.187023898292072,12055.221363183151,2023,3,1
2023-03-23,6645,83157.84502387026,0.19293482372658255,16044.04417116288,2023,3,1
2023-03-24,4486,41637.623224882496,0.10033840642886704,4177.852761870294,2023,3,1
2023-03-26,4584,29452.955306313834,0.17495013189130898,5152.798415428434,2023,3,1
2023-03-27,9053,48675.76927473118,0.26161468540948263,12734.29606587336,2023,3,1
2023-03-28,4330,88695.64006481477,0.3435486109540893,30471.263941950983,2023,3,1
2023-03-30,3703,37944.88148045404,0.31176520674597485,11829.893819705265,2023,3,1
2023-03-31,9662,74586.75208166102,0.10589874116138229,7898.643152764012,2023,3,1
2023-04-02,9120,75165.51221114662,0.3246401511687098,24401.743246900143,2023,4,2
2023-04-03,8114,41696.176374380084,0.2957996033246565,12333.712431696542,2023,4,2
2023-04-05,2353,58534.74618777913,0.2950940308927451,17273.254199835486,2023,4,2
2023-04-06,6063,74425.94934692807,0.21449893975089285,15964.287224869728,2023,4,2
2023-04-08,9549,44313.08388518769,0.19950132323862568,8840.518871879165,2023,4,2
2023-04-09,8575,46946.29459846457,0.17572893220829816,8249.822220924374,2023,4,2
2023-04-11,1667,41274.786290770346,0.11642371473859145,4805.363945012972,2023,4,2
2023-04-12,5468,34778.649039607,0.15705884087342478,5462.294305304324,2023,4,2
2023-04-14,7819,40260.83682400989,0.16165090874450616,6508.200859415477,2023,4,2
2023-04-15,4719,31640.895998566153,0.2210192674275504,6993.247654354402,2023,4,2
2023-04-16,3745,50511.25202388839,0.28686110164917344,14489.713401251665,2023,4,2
2023-04-18,8483,38450.40153412038,0.21845245709948663,8399.584691590466,2023,4,2
2023-04-19,1539,53506.788676861215,0.11446111236179016,6124.446550860773,2023,4,2
2023-04-21,5964,26661.56530694559,0.3394474502470509,9050.200363037913,2023,4,2
2023-04-22,5835,54963.20348321686,0.335681079773528,18450.10749305837,2023,4,2
2023-04-24,4775,62502.93442413387,0.2962973857871021,18519.456073893536,2023,4,2
2023-04-25,7042,20093.96536142817,0.34783197539105515,6989.323665104998,2023,4,2
2023-04-27,8102,55610.848547713584,0.2361205832000657,13130.86599133666,2023,4,2
2023-04-28,8312,68415.03488709938,0.3406920875633015,23308.461056401986,2023,4,2
2023-04-30,6320,31855.38471963192,0.1189012601541877,3787.64538586069,2023,4,2
2023-05-01,7132,75088.58580256555,0.1914201870653428,14373.471140799142,2023,5,2
2023-05-03,8891,56285.285140490676,0.15634531700169146,8799.940747820609,2023,5,2
2023-05-04,3779,39424.82216362387,0.1489582710335675,5872.6533452992835,2023,5,2
2023-05-05,1924,49163.46383513441,0.13520073722316903,6646.936554954781,2023,5,2
2023-05-07,2581,58374.903687825834,0.25560341039149914,14920.824463883584,2023,5,2
2023-05-08,8714,51140.080871186176,0.29533046393682627,15103.223809454228,2023,5,2
2023-05-10,4324,58081.33988669554,0.24457459985509014,14205.220461836048,2023,5,2
2023-05-11,6713,36189.89610380951,0.13674067739705242,4948.63090816386,2023,5,2
2023-05-13,8026,52540.41236054117,0.30278094248336773,15908.23557298944,2023,5,2
2023-05-14,1255,28794.282546425296,0.25898867679093207,7457.393135842917,2023,5,2
2023-05-16,5804,48331.60907976949,0.1970414265317489,9523.329199652608,2023,5,2
2023-05-17,2838,36441.38537802815,0.26853257388401575,9785.699011461234,2023,5,2
2023-05-19,1009,38967.050861153504,0.16497624481070822,6428.637722420979,2023,5,2
2023-05-20,3871,68541.39762815656,0.1862980521235526,12769.128867951455,2023,5,2
2023-05-22,9989,66369.65180891403,0.3293714607829975,21860.269167960927,2023,5,2
2023-05-23,8409,59137.071813607654,0.17262612641785507,10208.603634877609,2023,5,2
2023-05-24,8418,33615.308529911315,0.21749706703948413,7311.231012883064,2023,5,2
2023-05-26,6124,45253.87325457797,0.32253528434900364,14595.970878059077,2023,5,2
2023-05-27,2015,68196.46549968775,0.27693033756688185,18885.67021169674,2023,5,2
2023-05-29,3193,52125.753704598574,0.1155508065411757,6023.172882133042,2023,5,2
2023-05-30,9415,84789.94309972541,0.1368257610697426,11601.448495680099,2023,5,2
2023-06-01,8449,55899.76759091558,0.10196039769297921,5699.562534514863,2023,6,2
2023-06-02,5158,52880.73674735047,0.2577304475572908,13628.97594905391,2023,6,2
2023-06-04,4925,45363.25303696248,0.2119183563526046,9613.306022400388,2023,6,2
2023-06-05,7970,52003.11357173423,0.1335687127255689,6945.988937498102,2023,6,2
2023-06-07,7938,47712.952454291844,0.3394835302641926,16197.761538510567,2023,6,2
2023-06-08,5784,60621.630150328856,0.23241493098640495,14089.371987672046,2023,6,2
2023-06-10,5000,64350.53475191876,0.1604733235282223,10326.544182458772,2023,6,2
2023-06-11,2633,38210.158092380756,0.22515089278867687,8603.051208096012,2023,6,2
2023-06-12,8266,30031.50569663333,0.26990508318377693,8105.656043183889,2023,6,2
2023-06-14,9702,22456.919403450553,0.11905980449339112,2673.7164336986643,2023,6,2
2023-06-15,1384,57619.86990368816,0.16867595376197297,9719.086511645402,2023,6,2
2023-06-17,1404,33449.50090739189,0.3017413727209984,10093.098320628711,2023,6,2
2023-06-18,9175,17706.64110571276,0.21491621760066532,3805.4443328522484,2023,6,2
2023-06-20,3000,55828.67906796446,0.2366442855080737,13211.537868898,2023,6,2
2023-06-21,6989,87394.99276149186,0.20820400055236732,18195.987121187787,2023,6,2
2023-06-23,2460,49908.9363269016,0.11097498566075129,5538.643493221254,2023,6,2
2023-06-24,8190,62577.36161677463,0.141437444955039,8850.78213910413,2023,6,2
2023-06-26,8140,51227.440378213476,0.2113854096854727,10828.733471486783,2023,6,2
2023-06-27,4636,48516.65520213286,0.15229636635198196,7388.910294836817,2023,6,2
2023-06-29,5809,63786.14724481653,0.11249475716491969,7175.607144791446,2023,6,2
2023-06-30,5178,45645.88183717023,0.31091241601295594,14191.871403036499,2023,6,2
2023-07-01,8245,54010.88471107854,0.3452981322910289,18649.85761412151,2023,7,3
2023-07-03,7600,54825.467092940205,0.29828571849918484,16353.653843871083,2023,7,3
2023-07-04,6997,39978.64319535427,0.3134462304261667,12531.155007136516,2023,7,3
2023-07-06,3048,64880.635243047844,0.16049428257926135,10412.971006619704,2023,7,3
2023-07-07,5780,47375.60364956887,0.3401567438782999,16115.131076706248,2023,7,3
2023-07-09,1716,38663.82260760733,0.1492314261133571,5769.8573867271,2023,7,3
2023-07-10,8939,58047.64765355605,0.3378574525904581,19611.83036509893,2023,7,3
2023-07-12,6565,36522.98027313444,0.34870482349148774,12735.739389526432,2023,7,3
2023-07-13,5544,50422.717360536924,0.27793070143651216,14014.021204349026,2023,7,3
2023-07-15,5976,49863.21505033695,0.34528593294795545,17217.066728440128,2023,7,3
2023-07-16,4419,66288.43348747367,0.2423849448917759,16067.318297823456,2023,7,3
2023-07-18,8239,57120.47349319929,0.1648854457940226,9418.334735891816,2023,7,3
2023-07-19,1249,49624.595618822845,0.2092489714164052,10383.895590193728,2023,7,3
2023-07-20,9865,62266.494488004304,0.24839023384469647,15466.389126564893,2023,7,3
2023-07-22,1770,70853.1132352597,0.11827039050675375,8379.825370953407,2023,7,3
2023-07-23,5363,58367.154595277934,0.25558581615431153,14917.816843838986,2023,7,3
2023-07-25,2077,50155.28929765071,0.3452944591905736,17318.343493579065,2023,7,3
2023-07-26,9427,30322.456514747606,0.1475269124459319,4473.378387396748,2023,7,3
2023-07-28,9580,34023.29505386941,0.2981487790720958,10144.00388032084,2023,7,3
2023-07-29,8901,45421.629434679984,0.3269746984449048,14851.7235872807,2023,7,3
2023-07-31,5858,40857.31696761075,0.3359253982050552,13725.010471934798,2023,7,3
2023-08-01,7544,47195.43045521831,0.3400339011013618,16048.0463318459,2023,8,3
2023-08-03,5719,50849.74887345661,0.23036490968036796,11713.997806503225,2023,8,3
2023-08-04,3814,57945.391315350964,0.3443269769978759,19952.16142257377,2023,8,3
2023-08-06,4374,48942.518329113635,0.2893275517836097,14160.419006286891,2023,8,3
2023-08-07,2252,57297.52465739303,0.14041785905924048,8045.5957417851705,2023,8,3
2023-08-08,7996,50967.1162221518,0.2192250266169925,11173.26741039258,2023,8,3
2023-08-10,5673,20368.00150469193,0.279582793843001,5694.542765680218,2023,8,3
2023-08-11,5530,35909.96909271869,0.16183507895477084,5811.49268338351,2023,8,3
2023-08-13,7881,47838.686664175766,0.2601537958872218,12445.415925944742,2023,8,3
2023-08-14,7949,31854.578857383385,0.26665011976165476,8494.027267278356,2023,8,3
2023-08-16,7241,58998.93094994307,0.14067493595214148,8299.670832628059,2023,8,3
2023-08-17,9017,72961.26248515546,0.24127132811318905,17603.46070060845,2023,8,3
2023-08-19,7941,68281.42777545974,0.2929067277446519,20000.089575442697,2023,8,3
2023-08-20,8002,46798.35693604688,0.22472391613398546,10516.710039304517,2023,8,3
2023-08-22,2331,72360.89205274929,0.10302577919402686,7455.037286909362,2023,8,3
2023-08-23,5261,52230.01185803167,0.10225961726982305,5341.021022600638,2023,8,3
2023-08-25,8648,44943.71043322941,0.18925733599250305,8505.926906211464,2023,8,3
2023-08-26,6115,40798.960046885906,0.3315485171079455,13526.834703091336,2023,8,3
2023-08-27,5637,45462.95470267808,0.1571691949009022,7145.375988436099,2023,8,3
2023-08-29,5854,44177.34772188157,0.2585909222179218,11423.86108854316,2023,8,3
2023-08-30,4177,52556.243335632316,0.15551896767333015,8173.492708345875,2023,8,3
2023-09-01,8730,52408.60971574797,0.18041749741488716,9455.430207908788,2023,9,3
2023-09-02,3180,50045.69030230122,0.31201052240037097,15614.781975108182,2023,9,3
2023-09-04,5892,56554.072546195246,0.2822153605674867,15960.427975184291,2023,9,3
2023-09-05,8043,67859.69412179512,0.12384981932830266,8404.410856658209,2023,9,3
2023-09-07,1137,64243.312031619855,0.20717550524660838,13309.640628866358,2023,9,3
2023-09-08,7327,27726.53047325145,0.10729244091131612,2974.8471324771367,2023,9,3
2023-09-10,4472,11691.182976470678,0.22022253665075225,2574.6619715264646,2023,9,3
2023-09-11,6449,64014.79866858911,0.265608502925267,17002.874839426328,2023,9,3
2023-09-13,3832,29496.819523768685,0.1296256558995379,3823.5445777188106,2023,9,3
2023-09-14,4579,46628.518971609745,0.1722212347272914,8030.421110795562,2023,9,3
2023-09-15,6971,32448.304609109608,0.19945915637553924,6472.111463149524,2023,9,3
2023-09-17,5164,22970.293436299704,0.3298827561640124,7577.50370866267,2023,9,3
2023-09-18,8941,58121.94092307182,0.348313753855741,20244.671424296757,2023,9,3
2023-09-20,6569,61387.327404539705,0.11122782474890397,6827.978894355732,2023,9,3
2023-09-21,5300,41352.34398909921,0.29025198087384796,12002.599756612804,2023,9,3
2023-09-23,7269,11134.365617826348,0.19293101660058581,2148.164477849847,2023,9,3
2023-09-24,4818,41806.33327621276,0.19811454655736999,8282.442760243179,2023,9,3
2023-09-26,2906,55877.060081038195,0.2885662433367556,16124.233316287382,2023,9,3
2023-09-27,7254,27816.32646838807,0.3296066080363521,9168.445015277193,2023,9,3
2023-09-29,1760,52750.39879668733,0.33773214862563705,17815.505526464432,2023,9,3
2023-09-30,8830,49770.35226240507,0.24428064650958017,12157.933827669856,2023,9,3
2023-10-02,8350,58689.37249401632,0.18928028982512568,11108.741435322168,2023,10,4
2023-10-03,7238,51793.705526212296,0.2968872714646948,15376.891912723053,2023,10,4
2023-10-04,7090,35403.96588677667,0.16275034581557507,5762.007691315726,2023,10,4
2023-10-06,7031,67948.57252496737,0.24101850720837942,16376.86351690794,2023,10,4
2023-10-07,8687,47622.05640459545,0.1896446153812183,9031.266570512187,2023,10,4
2023-10-09,9472,49590.43190735102,0.26415776842696903,13099.697827975408,2023,10,4
2023-10-10,2887,36000.98061390206,0.16009972822337673,5763.747212060774,2023,10,4
2023-10-12,4266,43350.766232127346,0.14789823643370645,6411.501873781508,2023,10,4
2023-10-13,1666,36727.95928959649,0.32955977166885925,12104.057877342577,2023,10,4
2023-10-15,5188,47405.809101148654,0.12545092073738423,5947.102400039767,2023,10,4
2023-10-16,1671,75675.62720213515,0.2264894769337329,17139.733221643757,2023,10,4
2023-10-18,7777,29421.482856029656,0.15521319574075224,4566.6023775161175,2023,10,4
2023-10-19,8570,25796.579031848883,0.10973249083141687,2830.722872094278,2023,10,4
2023-10-21,8956,72067.55491240413,0.1090047045728566,7855.702532514732,2023,10,4
2023-10-22,6124,46860.14484272201,0.14380544302645684,6738.743889391575,2023,10,4
2023-10-23,6585,39963.908920101254,0.31669258862650007,12656.273767540542,2023,10,4
2023-10-25,5777,65598.57031094114,0.17061968599425664,11192.407468124944,2023,10,4
2023-10-26,4900,40915.766903947035,0.3376147926438239,13813.76815913911,2023,10,4
2023-10-28,7677,77390.14570320403,0.24540557324729836,18991.97306998673,2023,10,4
2023-10-29,7981,60168.88807008904,0.2091535474421915,12584.536385511277,2023,10,4
2023-10-31,7376,42681.32887781446,0.24502220866736363,10457.873470500228,2023,10,4
2023-11-01,1523,82359.62319898256,0.22917459630656692,18874.733398587792,2023,11,4
2023-11-03,3393,40914.27615494993,0.28969406343933124,11852.622912006382,2023,11,4
2023-11-04,3593,61131.430580139604,0.17062401649321307,10430.49021955945,2023,11,4
2023-11-06,8240,54489.38870609738,0.1882625979000756,10258.313875796932,2023,11,4
2023-11-07,7937,69526.11934098197,0.3235235756333127,22493.338729102903,2023,11,4
2023-11-09,7190,73422.66795090279,0.33661412828760134,24715.107368843146,2023,11,4
2023-11-10,6240,50480.0622359865,0.3231395568716186,16312.104941788406,2023,11,4
2023-11-11,7493,38698.73194480725,0.2048619984893284,7927.899565216028,2023,11,4
2023-11-13,3878,56899.582144086744,0.2950913757517204,16790.57597459658,2023,11,4
2023-11-14,5143,39834.26945371841,0.2190839333252747,8727.04843305947,2023,11,4
2023-11-16,4644,80200.80871289935,0.22438496303652555,17995.855498543377,2023,11,4
2023-11-17,5432,52048.02996624106,0.151170027264321,7868.1021090508575,2023,11,4
2023-11-19,2276,44520.17673031837,0.2477825758146291,11031.324065960798,2023,11,4
2023-11-20,6811,52770.204587973625,0.146533974438337,7732.6278101999405,2023,11,4
2023-11-22,1302,29793.10565705455,0.18289117476679845,5448.896093570055,2023,11,4
2023-11-23,1638,35425.789422340225,0.31375755040498376,11115.108910316254,2023,11,4
2023-11-25,1055,68006.20861916638,0.1517689523027138,10321.231032210668,2023,11,4
2023-11-26,9717,40146.58581542906,0.11778957129335821,4728.8491320914045,2023,11,4
2023-11-28,9150,34296.3352597709,0.11725189815320408,4021.3104089067997,2023,11,4
2023-11-29,3125,58049.79128790929,0.335196130125777,19458.065394316236,2023,11,4
2023-11-30,1364,67785.56231994496,0.22673010949045863,15369.027966673428,2023,11,4
2023-12-02,7809,60784.299659976,0.2023530179542546,12299.886480431915,2023,12,4
2023-12-03,5621,64940.715287087245,0.3027196452519796,19658.83029411686,2023,12,4
2023-12-05,6126,38648.073671458085,0.308956481977629,11940.572876745917,2023,12,4
2023-12-06,6122,28672.839998872343,0.18304775827890113,5248.4990852831925,2023,12,4
2023-12-08,2646,72520.0047793323,0.2734045143684488,19827.296688690934,2023,12,4
2023-12-09,1918,45159.802417367966,0.2927807039629716,13221.9187425857,2023,12,4
2023-12-11,3797,46237.50475317429,0.2636626717164886,12191.104036725774,2023,12,4
2023-12-12,7506,69922.91212773586,0.13789876870002485,9642.28348633481,2023,12,4
2023-12-14,6870,58343.4501410099,0.31897077087926423,18609.855267233845,2023,12,4
2023-12-15,2531,56838.31658122411,0.23477363818400215,13344.138372028081,2023,12,4
2023-12-17,9172,82475.03517351625,0.17061810659250093,14071.73434245526,2023,12,4
2023-12-18,4345,40347.22654429785,0.20630704635942348,8323.917137148619,2023,12,4
2023-12-19,8673,63917.60192121856,0.10939277259972685,6992.123692087725,2023,12,4
2023-12-21,7949,50855.19687345627,0.1319667003056044,6711.192524781913,2023,12,4
2023-12-22,7882,54028.88418294885,0.2913866876289652,15743.297598358455,2023,12,4
2023-12-24,2906,72927.02639618798,0.10000290868884154,7292.9147616467235,2023,12,4
2023-12-25,4086,57617.53634434436,0.20414145712057302,11762.127825032032,2023,12,4
2023-12-27,9152,58074.441185744494,0.2306275452713971,13393.565813676376,2023,12,4
2023-12-28,6750,66087.61005964704,0.11365860500024308,7511.425567179514,2023,12,4
2023-12-30,9905,44525.70905685672,0.3432695407430832,15284.319699207346,2023,12,4
2023-12-31,2062,37411.85498991491,0.156531332812418,5856.127524556291,2023,12,4
2024-01-02,2976,34327.862089684495,0.17604967990907022,6043.4091328516615,2024,1,1
2024-01-03,2296,20504.65115935997,0.17598562806375684,3608.5239125082044,2024,1,1
2024-01-05,7229,80843.10694910484,0.15760416552933748,12741.210409512652,2024,1,1
2024-01-06,8641,33451.87451417475,0.10036845552157786,3357.512979289352,2024,1,1
2024-01-07,1125,46681.19564621342,0.2823361985219991,13179.791321213592,2024,1,1
2024-01-09,5632,45847.80050166619,0.3417113749498213,15666.714947849461,2024,1,1
2024-01-10,7288,54611.10046713651,0.15607337082126127,8523.338534164552,2024,1,1
2024-01-12,4596,62236.05818808945,0.2657617979508556,16539.96672144072,2024,1,1
2024-01-13,7168,62907.10232539618,0.28547408173967875,17958.347271246486,2024,1,1
2024-01-15,8561,41253.83842146592,0.31210634477263116,12875.584717564461,2024,1,1
2024-01-16,9258,47493.174293203825,0.20565729925340226,9767.317958111411,2024,1,1
2024-01-18,1232,54238.69925732449,0.1757327264101073,9531.514497427495,2024,1,1
2024-01-19,7371,46269.633107246795,0.18132378350575779,8389.784936429262,2024,1,1
2024-01-21,5206,74110.18364029989,0.27815533327462816,20614.14282951151,2024,1,1
2024-01-22,8943,57364.62427457377,0.304194866626409,17450.02423027803,2024,1,1
2024-01-24,7891,61023.16679074726,0.14540349193915067,8872.981540559866,2024,1,1
2024-01-25,7738,59943.21903001119,0.1927352520394413,11553.171427804642,2024,1,1
2024-01-26,3472,67602.10786227987,0.3254850491872875,22003.475402718475,2024,1,1
2024-01-28,3739,52715.3233805556,0.3016733799236848,15902.809777982255,2024,1,1
2024-01-29,6401,30547.5207806623,0.34621460069061893,10575.997709165382,2024,1,1
2024-01-31,2761,55995.31927628962,0.28856206492052017,16158.12495624994,2024,1,1
2024-02-01,1876,40229.64659312257,0.19829880025698055,7977.49065417853,2024,2,1
2024-02-03,4812,42070.74977375365,0.24765945849865942,10419.219107600426,2024,2,1
2024-02-04,2460,58795.4602813264,0.26525356356183005,15595.705360879867,2024,2,1
2024-02-06,2733,68574.24607150453,0.11961395407928099,8202.436720618258,2024,2,1
2024-02-07,2605,50319.073651040926,0.23612423977596625,11881.553012082893,2024,2,1
2024-02-09,6622,54632.49518898446,0.27733020711815237,15151.241206142524,2024,2,1
2024-02-10,7767,75533.22416952858,0.1418303260002651,10712.901807815342,2024,2,1
2024-02-12,7986,53611.297692328524,0.2951579293563893,15823.79961697666,2024,2,1
2024-02-13,4517,89025.24671270592,0.24594319512852789,21895.15362362837,2024,2,1
2024-02-14,4735,58482.64468447316,0.33805544642439866,19770.37655688906,2024,2,1
2024-02-16,9434,23588.558612662735,0.11060557455172293,2609.026078200554,2024,2,1
2024-02-17,3590,61300.12431656799,0.16633153438886672,10196.143735803034,2024,2,1
2024-02-19,2063,55717.37577324166,0.250388469824956,13950.988462524054,2024,2,1
2024-02-20,5324,69346.29131124119,0.17413997805148268,12075.961646891265,2024,2,1
2024-02-22,6342,60097.72026904937,0.2786060410178105,16743.58791835567,2024,2,1
2024-02-23,1005,47923.16024024339,0.2897513206304827,13885.798968396764,2024,2,1
2024-02-25,8489,31635.526455659514,0.12562899101661862,3974.3392689040497,2024,2,1
2024-02-26,9659,46864.65114070962,0.2284636160516919,10706.867664607567,2024,2,1
2024-02-28,9195,37242.1931868605,0.22722263889776395,8462.269414258768,2024,2,1
2024-02-29,6966,41292.14825292916,0.19232019255388527,7941.313902966914,2024,2,1
2024-03-02,9837,58828.67606630914,0.333231215642418,19603.551240210214,2024,3,1
2024-03-03,1117,75048.56756527109,0.3068765799683053,23030.64774595068,2024,3,1
2024-03-04,3551,55920.07294734471,0.27430234547740917,15339.007168724473,2024,3,1
2024-03-06,6560,32061.754069472234,0.27858165893374937,8931.816636999465,2024,3,1
2024-03-07,5289,56669.040023302114,0.21542903595327978,12208.156660617802,2024,3,1
2024-03-09,1846,67949.47229968477,0.330248630274144,22440.22015482178,2024,3,1
2024-03-10,7316,40853.25643520927,0.2736488568133213,11179.446920596478,2024,3,1
2024-03-12,7469,47989.742499906235,0.2822452654139541,13544.877609033349,2024,3,1
2024-03-13,9915,50220.32292093796,0.3154227259468363,15840.631153652634,2024,3,1
2024-03-15,1224,38226.5253037664,0.16851789733554773,6441.853666634824,2024,3,1
2024-03-16,5208,59724.20650765789,0.3017677259666757,18022.837982980058,2024,3,1
2024-03-18,7283,48185.77777088327,0.14881015073912301,7170.532853567022,2024,3,1
2024-03-19,3048,56292.98665860542,0.18633548806122197,10489.381143455097,2024,3,1
2024-03-21,7233,36687.6173329685,0.18390261356746068,6746.948713095778,2024,3,1
2024-03-22,2828,43438.125495148844,0.34463136709728515,14970.140573536582,2024,3,1
2024-03-23,2917,60835.72036741657,0.31413430593698166,19110.586793794704,2024,3,1
2024-03-25,5234,44407.502718623495,0.2752924653975649,12225.050905558928,2024,3,1
2024-03-26,7988,75904.45776850107,0.2817641904038475,21387.158091184738,2024,3,1
2024-03-28,3026,44005.45721578097,0.24051819860064275,10584.113298137294,2024,3,1
2024-03-29,4744,53370.27088627829,0.33677266677712975,17973.648452989746,2024,3,1
2024-03-31,1009,63988.86247809635,0.2240646882205904,14337.644520744894,2024,3,1
2024-04-01,1260,28724.514006004523,0.19512942746747364,5604.99797227309,2024,4,2
2024-04-03,7038,23587.86782028836,0.14075883423289776,3320.2007764234727,2024,4,2
2024-04-04,3219,27115.15528144858,0.29655141306526445,8041.037614197645,2024,4,2
2024-04-06,8041,68938.76155140773,0.28361098301889787,19551.789931700147,2024,4,2
2024-04-07,3060,41722.127811613296,0.19608875963103373,8181.240291746707,2024,4,2
2024-04-09,6287,88372.98928502378,0.10629835348980735,9393.903253970415,2024,4,2
2024-04-10,2619,41536.286020139174,0.30974933192950266,12865.83684557085,2024,4,2
2024-04-11,9512,52768.269547955555,0.10285449586351841,5427.453761945219,2024,4,2
2024-04-13,2342,73131.64928851814,0.2759249449072627,20178.846300911624,2024,4,2
2024-04-14,3832,80091.39332238684,0.34256427743151424,27436.450281966652,2024,4,2
2024-04-16,3824,80922.55364954597,0.20941533203705087,16946.42344180573,2024,4,2
2024-04-17,2994,68125.49345889714,0.1587433512489882,10814.469137156357,2024,4,2
2024-04-19,4490,65360.93788717194,0.2762177525108454,18053.8513651956,2024,4,2
2024-04-20,8984,58887.90423801775,0.30428203550389626,17918.53136810256,2024,4,2
2024-04-22,2604,61675.41614249957,0.2366075790194618,14592.870898494657,2024,4,2
2024-04-23,1235,41732.214255072,0.3417588188140365,14262.352250307704,2024,4,2
2024-04-25,2908,37727.016748665395,0.11291718041449028,4260.028356709547,2024,4,2
2024-04-26,9567,49949.38313883572,0.226198899576132,11298.495500511242,2024,4,2
2024-04-28,4530,47447.23066212607,0.27961348683063747,13266.885605894608,2024,4,2
2024-04-29,6256,43201.579260090875,0.31566011778729475,13637.015597837435,2024,4,2
2024-04-30,3635,60445.81171185073,0.14481390297694752,8753.393912602789,2024,4,2
2024-05-02,9162,64329.57812855766,0.30000087044092033,19298.92943366449,2024,5,2
2024-05-03,3560,51326.10329437771,0.2381767689296363,12224.685444403643,2024,5,2
2024-05-05,6415,72162.95121582893,0.1991384204974908,14370.416123557658,2024,5,2
2024-05-06,4391,32874.66328799742,0.1329287571447734,4369.988132426407,2024,5,2
2024-05-08,6951,47095.10811080423,0.31632393972722805,14897.310139489326,2024,5,2
2024-05-09,6468,39247.66519095792,0.13931830204492884,5467.918073632116,2024,5,2
2024-05-11,9007,22001.9507439041,0.1774469648022748,3904.1793792349345,2024,5,2
2024-05-12,7413,48759.78971235951,0.1725113829906092,8411.618757610418,2024,5,2
2024-05-14,7941,48173.78737425074,0.31785350854771355,15312.207336937143,2024,5,2
2024-05-15,5820,72701.74614863197,0.2681757485522245,19496.84519446318,2024,5,2
2024-05-17,3898,59462.17526832166,0.29917034929784303,17789.319745033354,2024,5,2
2024-05-18,8546,34637.19763506192,0.16261697469812475,5632.596291434811,2024,5,2
2024-05-19,1077,77811.38849501283,0.2562185249017497,19936.71918074916,2024,5,2
2024-05-21,8577,68315.5054328803,0.24293649578593715,16596.32949770909,2024,5,2
2024-05-22,5227,58731.465552029236,0.3082075941970678,18101.483701458892,2024,5,2
2024-05-24,1600,46602.738517252525,0.3265217651203151,15216.808440093791,2024,5,2
2024-05-25,2065,35608.4114491478,0.10303919286934671,3669.061975079794,2024,5,2
2024-05-27,3136,44416.8983589342,0.2685049797646981,11926.158395076282,2024,5,2
2024-05-28,7943,66331.22929556279,0.11295894977993226,7492.705998838649,2024,5,2
2024-05-30,8804,78268.79458901913,0.23721466626933896,18566.505987737615,2024,5,2
2024-05-31,7565,73148.65292408284,0.17190818226091953,12574.851959013977,2024,5,2
2024-06-02,6984,42667.258673205884,0.17669414988053528,7539.05499899501,2024,6,2
2024-06-03,6142,33205.73850066483,0.18823962586308912,6250.635791872722,2024,6,2
2024-06-05,5670,52113.29370366806,0.2553231122624025,13305.728338665194,2024,6,2
2024-06-06,3190,23473.409516557225,0.18351249141719228,4307.663862439447,2024,6,2
2024-06-07,3712,54847.515712771725,0.2831747626475701,15531.432243773004,2024,6,2
2024-06-09,3192,47785.96120551997,0.20113184639346743,9611.278608952836,2024,6,2
2024-06-10,2248,43009.452471976365,0.11708830007748966,5035.903677207298,2024,6,2
2024-06-12,5033,26079.453990998067,0.2959399606210268,7717.952587113848,2024,6,2
2024-06-13,2997,57704.00159854575,0.17143958114817648,9892.74986462839,2024,6,2
2024-06-15,4687,42009.487405071326,0.20819171989981566,8746.027434971444,2024,6,2
2024-06-16,5018,32451.24746434568,0.2713609708054754,8806.002015773565,2024,6,2
2024-06-18,2970,6916.066800775261,0.183114039287178,1266.4289278699086,2024,6,2
2024-06-19,9389,49587.27642424046,0.11414641403667891,5660.209785672599,2024,6,2
2024-06-21,6765,76583.77395004616,0.19348026175320338,14817.448629903089,2024,6,2
2024-06-22,2202,74918.88821821805,0.33611214567357584,25181.14827050405,2024,6,2
2024-06-24,9135,43143.55615120592,0.2604335993246395,11236.03161612325,2024,6,2
2024-06-25,6567,40966.81909457329,0.2678697871668017,10973.773111764216,2024,6,2
2024-06-26,8667,57031.613841125356,0.25807053840940997,14718.179290336779,2024,6,2
2024-06-28,6742,35024.21841217563,0.1497480347398592,5244.807875522893,2024,6,2
2024-06-29,6788,54526.87849729199,0.20458346602557004,11155.297794531121,2024,6,2
2024-07-01,6408,61491.204175770356,0.28773494959082957,17693.16853379469,2024,7,3
2024-07-02,9669,68403.99835826461,0.1253432243882898,8573.977715276167,2024,7,3
2024-07-04,1922,48497.68885280071,0.16946319402242804,8218.573255701513,2024,7,3
2024-07-05,1419,46944.893747345515,0.16907977711646338,7937.432171557235,2024,7,3
2024-07-07,3204,36830.261198651584,0.2080047318986265,7660.86860638191,2024,7,3
2024-07-08,2120,37596.7946894021,0.34509218523554624,12974.360037217952,2024,7,3
2024-07-10,1950,46602.8166214771,0.11687563667095549,5446.733863294923,2024,7,3
2024-07-11,3336,55510.48260224267,0.22967524859514873,12749.383891306765,2024,7,3
2024-07-13,6373,63703.76939349874,0.14484117050305262,9226.928524410896,2024,7,3
2024-07-14,3243,37952.31573979482,0.342669136352436,13005.087257130455,2024,7,3
2024-07-15,3645,72390.32853439283,0.12832587618186606,9289.5523362691,2024,7,3
2024-07-17,5612,45933.14598436147,0.2009002505903978,9227.980538663543,2024,7,3
2024-07-18,2865,49679.490584773455,0.2844712462086515,14132.386597661474,2024,7,3
2024-07-20,7028,38791.82481278265,0.2761386070068613,10711.920467056001,2024,7,3
2024-07-21,8326,13636.396095905875,0.20568215922348304,2804.7633930325946,2024,7,3
2024-07-23,7371,63260.68094541575,0.18663104198817954,11806.406801724715,2024,7,3
2024-07-24,7359,61052.6584563865,0.19940309463821765,12174.089032093618,2024,7,3
2024-07-26,8863,45780.0866432268,0.1660690657896598,7602.656220610357,2024,7,3
2024-07-27,4228,51004.86075837308,0.15133323467669996,7718.730562799277,2024,7,3
2024-07-29,4719,57739.08826556149,0.22075992438972247,12746.476759836867,2024,7,3
2024-07-30,3371,26561.81214670186,0.1671334390169018,4439.367010599197,2024,7,3
2024-08-01,3891,42064.209839805575,0.1718654162243125,7229.382932265007,2024,8,3
2024-08-02,4756,61913.970194327405,0.26418901586863924,16356.99085415962,2024,8,3
2024-08-03,5225,31185.658652461258,0.34213433292497303,10669.684519885746,2024,8,3
2024-08-05,1094,54403.368982499436,0.25090930013984375,13650.311236648617,2024,8,3
2024-08-06,3674,29651.272930648924,0.11924486676624158,3535.762090064696,2024,8,3
2024-08-08,7898,56996.449736502895,0.11889590346351675,6776.644385634433,2024,8,3
2024-08-09,1793,49465.37776553775,0.33785580521139147,16712.165035061415,2024,8,3
2024-08-11,3116,25773.022761417356,0.17432269757683339,4492.822852479401,2024,8,3
2024-08-12,6779,67471.09031685758,0.12301674652061886,8300.07401497865,2024,8,3
2024-08-14,7166,38981.12634802926,0.24976114678759537,9735.970819755938,2024,8,3
2024-08-15,1814,37846.213444784284,0.25591219457256653,9685.307538916519,2024,8,3
2024-08-17,1345,53008.53795846414,0.262126205029672,13894.926889223521,2024,8,3
2024-08-18,9554,67229.56024143074,0.1668505069643853,11217.2862092754,2024,8,3
2024-08-20,3443,34762.67271532405,0.10377767105361876,3607.5892139955076,2024,8,3
2024-08-21,8783,50925.197747719576,0.34125384236361794,17378.41940453637,2024,8,3
2024-08-22,1984,56432.24750495859,0.1627232614227756,9182.839363424153,2024,8,3
2024-08-24,8790,60396.584108947165,0.2690065720131368,16247.07805245097,2024,8,3
2024-08-25,1827,52646.62332915838,0.27665746746967734,14565.08148107499,2024,8,3
2024-08-27,4531,44494.58241375016,0.2525018542698714,11234.964564435526,2024,8,3
2024-08-28,8147,37586.146690269205,0.17822684855341203,6698.860473872938,2024,8,3
2024-08-30,5451,51292.158245695624,0.16777406344101642,8605.493811539991,2024,8,3
2024-08-31,4876,33917.9148202159,0.24941707067567576,8459.706957885339,2024,8,3
2024-09-02,6959,6179.742747580887,0.3165239084029229,1956.0363273889197,2024,9,3
2024-09-03,1126,56548.39706236502,0.33668343223084884,19038.908410109903,2024,9,3
2024-09-05,4177,63559.02261629293,0.1264764511009394,8038.719615953075,2024,9,3
2024-09-06,9795,14556.01346687242,0.13870715314942997,2019.0231891946378,2024,9,3
2024-09-08,7024,34854.03942935094,0.3361840646957699,11717.37264642583,2024,9,3
2024-09-09,6109,59287.31391507797,0.2841338070836981,16845.530214457416,2024,9,3
2024-09-10,5146,80862.43204567548,0.32074845620744324,25936.500243829698,2024,9,3
2024-09-12,8196,50311.905615131116,0.1506581585338358,7579.899052303807,2024,9,3
2024-09-13,4368,39079.955881562986,0.24689646777735044,9648.703068052593,2024,9,3
2024-09-15,4797,47256.553383427396,0.2752848986043684,13009.015506548732,2024,9,3
2024-09-16,2792,70623.14628722277,0.27002797136174317,19070.22492312239,2024,9,3
2024-09-18,6732,40310.53731313197,0.20203792271667453,8144.257222338182,2024,9,3
2024-09-19,4476,38012.119900246194,0.10384872292282712,3947.51010722995,2024,9,3
2024-09-21,4417,42758.847167269516,0.24573151420106576,10507.19625990509,2024,9,3
2024-09-22,2645,35700.07087611932,0.16327538479490217,5828.942809503662,2024,9,3
2024-09-24,4030,51840.054739921936,0.2125635615357226,11019.306665724624,2024,9,3
2024-09-25,3872,74370.17687704341,0.3393952537709543,25240.88505417491,2024,9,3
2024-09-27,4072,54846.18909674043,0.19975882941060868,10956.010531597758,2024,9,3
2024-09-28,2854,46214.69746810569,0.30995040166610666,14324.26404311696,2024,9,3
2024-09-29,5021,45622.83096626684,0.1471351514373128,6712.722143220595,2024,9,3
2024-10-01,5662,26552.137869550144,0.2681151245062572,7119.029750801743,2024,10,4
2024-10-02,7514,63246.646657207384,0.34425173860973585,21772.76807297928,2024,10,4
2024-10-04,6031,48832.44204480797,0.1254732752182342,6127.166440266662,2024,10,4
2024-10-05,3708,47292.80129614061,0.10207998555679801,4827.648473250552,2024,10,4
2024-10-07,8112,97896.61351767291,0.20839569815815356,20401.233121334382,2024,10,4
2024-10-08,9393,54481.2936254853,0.1231563707628418,6709.718397379517,2024,10,4
2024-10-10,4507,38723.134248572234,0.2870960874190578,11117.260335368004,2024,10,4
2024-10-11,7456,43604.63605691685,0.3286371659621397,14330.104016555682,2024,10,4
2024-10-13,5212,67226.68563795132,0.20850524317718971,14017.116436937527,2024,10,4
2024-10-14,8970,51699.056158066465,0.16467791053886022,8513.69254494158,2024,10,4
2024-10-16,9766,28425.830325239498,0.20860082975165245,5929.651792224644,2024,10,4
2024-10-17,1536,63788.43401862805,0.28086195446250023,17915.744250574113,2024,10,4
2024-10-18,2625,39977.83871691509,0.10226354039509275,4088.275324535749,2024,10,4
2024-10-20,8973,78099.46664326318,0.24736349737117427,19318.957211700945,2024,10,4
2024-10-21,9577,66200.72098571973,0.25332292122184474,16770.160027094804,2024,10,4
2024-10-23,9070,43290.17156511873,0.25942206172398385,11230.425559808084,2024,10,4
2024-10-24,9666,69215.2454260267,0.1605055199952193,11109.428958701139,2024,10,4
2024-10-26,9609,51017.83265791105,0.2785131808445317,14209.138853348835,2024,10,4
2024-10-27,7490,62791.605126833296,0.12284787158294411,7713.815043108151,2024,10,4
2024-10-29,4600,57270.99225941712,0.1498175841167002,8580.201700272111,2024,10,4
2024-10-30,7783,37304.6501751369,0.31936751166362043,11913.893299915313,2024,10,4
2024-11-01,5971,40346.75251523807,0.28468078768164157,11485.945286434227,2024,11,4
2024-11-02,2205,65449.412263717415,0.10343638850283632,6769.850834192174,2024,11,4
2024-11-04,2990,44978.37001840189,0.16209406509245006,7290.72683751514,2024,11,4
2024-11-05,6299,43945.27305137005,0.15360162074829115,6750.065164916642,2024,11,4
2024-11-06,4572,35673.16130975971,0.16770158200924312,5982.445586917626,2024,11,4
2024-11-08,6975,56353.98598390192,0.1618899425699716,9123.143554522867,2024,11,4
2024-11-09,7320,80937.87378864718,0.11563157393571144,9358.973737191238,2024,11,4
2024-11-11,5380,33987.006286185904,0.21473512914920506,7298.204184258974,2024,11,4
2024-11-12,5757,50363.29185009137,0.28318336869654126,14262.046644755937,2024,11,4
2024-11-14,3713,71183.30833123144,0.2516829311793591,17915.62369184842,2024,11,4
2024-11-15,6588,48805.37913131427,0.2682179171495199,13090.47713629376,2024,11,4
2024-11-17,1966,56785.57694374601,0.1202872946340598,6830.583424797449,2024,11,4
2024-11-18,5944,34064.0970777968,0.3378726775441968,11509.327687800656,2024,11,4
2024-11-20,4432,56424.60645811473,0.30962295846075616,17470.35358154537,2024,11,4
2024-11-21,1688,47192.83602493177,0.3012725796239156,14217.907448999651,2024,11,4
2024-11-23,5243,64785.94993519795,0.30574595126044185,19808.041891248457,2024,11,4
2024-11-24,4701,67810.79077347126,0.3331776270331903,22593.03835714931,2024,11,4
2024-11-25,9533,88843.45463027922,0.2360634915284244,20972.696099470875,2024,11,4
2024-11-27,6182,58694.497598203634,0.15007050446690648,8808.31286399405,2024,11,4
2024-11-28,7704,54886.944748732494,0.25419590196313524,13952.036426404826,2024,11,4
2024-11-30,5422,52915.76452366004,0.28572037341698475,15119.11199934538,2024,11,4
2024-12-01,2759,44702.505607839674,0.2844793483385063,12716.939664416654,2024,12,4
2024-12-03,3482,55077.25765192536,0.23036225604172,12687.721329288614,2024,12,4
2024-12-04,9058,45568.97884791456,0.11711467983339452,5336.79636810824,2024,12,4
2024-12-06,1951,52526.91464404421,0.19277823460753196,10126.045874459362,2024,12,4
2024-12-07,9914,69763.9630341194,0.33019165211583934,23035.478212384227,2024,12,4
2024-12-09,3079,34901.86152080538,0.24611222743935648,8589.774880665378,2024,12,4
2024-12-10,3717,67098.17841693568,0.23458298581392834,15740.091035720456,2024,12,4
2024-12-12,5524,69756.72601009798,0.16721337859554836,11664.257835912449,2024,12,4
2024-12-13,9477,48228.97209513382,0.19211222997914473,9265.375378798102,2024,12,4
2024-12-14,8311,18172.17651487108,0.3238365222882923,5884.8144449848305,2024,12,4
2024-12-16,8186,40882.670193583515,0.2666157618817089,10899.964261420899,2024,12,4
2024-12-17,3065,69454.91819841664,0.2968467566880832,20617.467203236105,2024,12,4
2024-12-19,1768,49656.97906551677,0.21358635576691376,10606.053196997653,2024,12,4
2024-12-20,6490,35010.466515576336,0.25756180486403946,9017.35894488386,2024,12,4
2024-12-22,7645,42428.376181576736,0.1620959021858019,6877.465915431269,2024,12,4
2024-12-23,6083,62609.300397568295,0.2763652075708716,17303.032300241015,2024,12,4
2024-12-25,6232,58201.00352302069,0.2069003334258343,12041.807034631138,2024,12,4
2024-12-26,6797,46416.01851245458,0.2106363787036864,9776.902053306701,2024,12,4
2024-12-28,5926,44497.63382277969,0.26233058114422036,11673.090140272512,2024,12,4
2024-12-29,7016,44123.62776434267,0.3340701553672316,14740.38718259985,2024,12,4
2024-12-31,4335,36163.84723252246,0.11600158665215524,4195.063658418758,2024,12,4
